{
  "loo": {
    "1": {
      "vcms": {
        "mean": 0.24063210269580412,
        "median": 0.22266769340412762,
        "std": 0.15759470213841256
      },
      "profile_mean": {
        "mean": 0.1877245736267213,
        "median": 0.18027756377319948,
        "std": 0.09618356089248635
      },
      "carry_forward": {
        "mean": 0.16558392345584047,
        "median": 0.14288607510300133,
        "std": 0.1402948991853047
      },
      "group_mean": {
        "mean": 0.18989121967701517,
        "median": 0.16414544923120314,
        "std": 0.12263690120865095
      },
      "ewa": {
        "mean": 0.33712902157845087,
        "median": 0.3872983346207417,
        "std": 0.1211240810556539
      }
    },
    "2": {
      "vcms": {
        "mean": 0.2420126153837496,
        "median": 0.2243001536587175,
        "std": 0.16485033403509056
      },
      "profile_mean": {
        "mean": 0.18056946516002445,
        "median": 0.17633364314500777,
        "std": 0.10417149083037411
      },
      "carry_forward": {
        "mean": 0.1581571632346275,
        "median": 0.11855611381455226,
        "std": 0.14483466008877136
      },
      "group_mean": {
        "mean": 0.1814372285091046,
        "median": 0.15,
        "std": 0.1240214229918967
      },
      "ewa": {
        "mean": 0.3386053118042635,
        "median": 0.39089584028611457,
        "std": 0.12294559347248335
      }
    },
    "3": {
      "vcms": {
        "mean": 0.2458823126858041,
        "median": 0.2251969292282956,
        "std": 0.17062149191437068
      },
      "profile_mean": {
        "mean": 0.17925716735474875,
        "median": 0.16955743189992778,
        "std": 0.10656982543014391
      },
      "carry_forward": {
        "mean": 0.14773879454002417,
        "median": 0.10522085616183026,
        "std": 0.15152617069682164
      },
      "group_mean": {
        "mean": 0.17530457917145925,
        "median": 0.1420499079595054,
        "std": 0.1275584000785855
      },
      "ewa": {
        "mean": 0.338548629914106,
        "median": 0.39910514092523364,
        "std": 0.12374894931274766
      }
    },
    "5": {
      "vcms": {
        "mean": 0.25153604257950574,
        "median": 0.23075897939441714,
        "std": 0.18174365366382794
      },
      "profile_mean": {
        "mean": 0.1752826433662764,
        "median": 0.1612377000938551,
        "std": 0.12119375706987791
      },
      "carry_forward": {
        "mean": 0.13265296333712778,
        "median": 0.0894427190999916,
        "std": 0.1602547983955168
      },
      "group_mean": {
        "mean": 0.1669356177862614,
        "median": 0.1264911064067352,
        "std": 0.13542483479020978
      },
      "ewa": {
        "mean": 0.33911485951855824,
        "median": 0.4,
        "std": 0.13057337978414266
      }
    }
  },
  "loco": {
    "1": {
      "vcms": {
        "mean": 0.24222919668636267,
        "median": 0.22699545247856567,
        "std": 0.15739118771281044
      },
      "profile_mean": {
        "mean": 0.19105566637102633,
        "median": 0.1889293765882109,
        "std": 0.09614707549010972
      },
      "carry_forward": {
        "mean": 0.16558392345584047,
        "median": 0.14288607510300133,
        "std": 0.1402948991853047
      },
      "group_mean": {
        "mean": 0.18777248128456622,
        "median": 0.1645566195400747,
        "std": 0.12411435879911725
      },
      "ewa": {
        "mean": 0.33712902157845087,
        "median": 0.3872983346207417,
        "std": 0.1211240810556539
      }
    },
    "2": {
      "vcms": {
        "mean": 0.24342555465033489,
        "median": 0.2246307019059872,
        "std": 0.16390899436603815
      },
      "profile_mean": {
        "mean": 0.18425018304423124,
        "median": 0.1704772712123232,
        "std": 0.10425443168249497
      },
      "carry_forward": {
        "mean": 0.1581571632346275,
        "median": 0.11855611381455226,
        "std": 0.14483466008877136
      },
      "group_mean": {
        "mean": 0.1789180515795363,
        "median": 0.15206559179694037,
        "std": 0.12590600579898925
      },
      "ewa": {
        "mean": 0.3386053118042635,
        "median": 0.39089584028611457,
        "std": 0.12294559347248335
      }
    },
    "3": {
      "vcms": {
        "mean": 0.24691738502074825,
        "median": 0.23222398697371244,
        "std": 0.1692220639354322
      },
      "profile_mean": {
        "mean": 0.1825126736547043,
        "median": 0.1679710859472121,
        "std": 0.1063182581091294
      },
      "carry_forward": {
        "mean": 0.14773879454002417,
        "median": 0.10522085616183026,
        "std": 0.15152617069682164
      },
      "group_mean": {
        "mean": 0.17238367400535343,
        "median": 0.1445422968303981,
        "std": 0.12955100575549458
      },
      "ewa": {
        "mean": 0.338548629914106,
        "median": 0.39910514092523364,
        "std": 0.12374894931274766
      }
    },
    "5": {
      "vcms": {
        "mean": 0.2520756193334837,
        "median": 0.2318398354484263,
        "std": 0.17976606098787157
      },
      "profile_mean": {
        "mean": 0.17820983456998232,
        "median": 0.15329709716755893,
        "std": 0.12041502227634332
      },
      "carry_forward": {
        "mean": 0.13265296333712778,
        "median": 0.0894427190999916,
        "std": 0.1602547983955168
      },
      "group_mean": {
        "mean": 0.16415310621164333,
        "median": 0.1284375772553941,
        "std": 0.1374165316678252
      },
      "ewa": {
        "mean": 0.33911485951855824,
        "median": 0.4,
        "std": 0.13057337978414266
      }
    }
  },
  "loco_by_city": {
    "Athens": {
      "1": {
        "vcms": {
          "mean": 0.26472870928230474,
          "n": 16
        },
        "profile_mean": {
          "mean": 0.19680759724849967,
          "n": 16
        },
        "carry_forward": {
          "mean": 0.17092206326680032,
          "n": 16
        },
        "group_mean": {
          "mean": 0.22192669441878177,
          "n": 16
        },
        "ewa": {
          "mean": 0.22051098627019952,
          "n": 16
        }
      },
      "2": {
        "vcms": {
          "mean": 0.27375392331473003,
          "n": 16
        },
        "profile_mean": {
          "mean": 0.20290825088974185,
          "n": 16
        },
        "carry_forward": {
          "mean": 0.16845458054875811,
          "n": 16
        },
        "group_mean": {
          "mean": 0.22474295706296132,
          "n": 16
        },
        "ewa": {
          "mean": 0.22130828581208922,
          "n": 16
        }
      },
      "3": {
        "vcms": {
          "mean": 0.270872105498005,
          "n": 16
        },
        "profile_mean": {
          "mean": 0.20092784728150587,
          "n": 16
        },
        "carry_forward": {
          "mean": 0.1686601620998228,
          "n": 16
        },
        "group_mean": {
          "mean": 0.2211408100830325,
          "n": 16
        },
        "ewa": {
          "mean": 0.21970640972569422,
          "n": 16
        }
      },
      "5": {
        "vcms": {
          "mean": 0.24832889764333596,
          "n": 16
        },
        "profile_mean": {
          "mean": 0.1866121286684549,
          "n": 16
        },
        "carry_forward": {
          "mean": 0.12180104346941456,
          "n": 16
        },
        "group_mean": {
          "mean": 0.20503169619603046,
          "n": 16
        },
        "ewa": {
          "mean": 0.21057057892575962,
          "n": 16
        }
      }
    },
    "Boston": {
      "1": {
        "vcms": {
          "mean": 0.256132110519576,
          "n": 24
        },
        "profile_mean": {
          "mean": 0.19436446560995305,
          "n": 24
        },
        "carry_forward": {
          "mean": 0.16854628381639988,
          "n": 24
        },
        "group_mean": {
          "mean": 0.19658950709325898,