{
  "aggregate": {
    "1": {
      "vcms_drift": {
        "mean": 0.2870800729658648,
        "median": 0.28086991790862026,
        "std": 0.15388017830132605
      },
      "vcms": {
        "mean": 0.25432807451729894,
        "median": 0.24352715298045183,
        "std": 0.11438188596657606
      },
      "carry_forward": {
        "mean": 0.2797664618629692,
        "median": 0.28259697578812126,
        "std": 0.1622282064488761
      },
      "profile_mean": {
        "mean": 0.4375698158098451,
        "median": 0.426060736528751,
        "std": 0.13908639496688596
      }
    },
    "2": {
      "vcms_drift": {
        "mean": 0.28288822429352,
        "median": 0.272141840610964,
        "std": 0.16035197196963213
      },
      "vcms": {
        "mean": 0.25117610724622313,
        "median": 0.2481179155159901,
        "std": 0.12243311395989576
      },
      "carry_forward": {
        "mean": 0.2781052778690977,
        "median": 0.2797877267337874,
        "std": 0.1690045122949945
      },
      "profile_mean": {
        "mean": 0.447283382854604,
        "median": 0.4408796597678611,
        "std": 0.14374564783393728
      }
    },
    "3": {
      "vcms_drift": {
        "mean": 0.2806620583779458,
        "median": 0.2767707416800018,
        "std": 0.1622544849362669
      },
      "vcms": {
        "mean": 0.25250832580208454,
        "median": 0.24784787961282104,
        "std": 0.12738158544970118
      },
      "carry_forward": {
        "mean": 0.2804955153708535,
        "median": 0.2834733547569204,
        "std": 0.1740390298643913
      },
      "profile_mean": {
        "mean": 0.4599747118810913,
        "median": 0.4541454679320429,
        "std": 0.1489804171676561
      }
    },
    "5": {
      "vcms_drift": {
        "mean": 0.2741899947668453,
        "median": 0.2598076211353316,
        "std": 0.1807388859182353
      },
      "vcms": {
        "mean": 0.25598331418990805,
        "median": 0.2449468479389931,
        "std": 0.1387474134646959
      },
      "carry_forward": {
        "mean": 0.2818349982438712,
        "median": 0.27294534446364593,
        "std": 0.19441658198256334
      },
      "profile_mean": {
        "mean": 0.4829087722423952,
        "median": 0.4989949737932905,
        "std": 0.15520699736469715
      }
    }
  },
  "n_subjects": 212,
  "library_size": 196
}